<?xml version="1.0" encoding="UTF-8"?>
<project-private xmlns="http://www.netbeans.org/ns/project-private/1">
    <editor-bookmarks xmlns="http://www.netbeans.org/ns/editor-bookmarks/2" lastBookmarkId="1">
        <file>
            <url>src/com/stmikwp/tokobuku/controller/PelangganController.java</url>
            <bookmark id="1">
                <name/>
                <line>23</line>
                <key/>
            </bookmark>
        </file>
    </editor-bookmarks>
    <open-files xmlns="http://www.netbeans.org/ns/projectui-open-files/2">
        <group>
            <file>file:/C:/Users/LENOVO/Documents/pbokuu/TokoBukuAppMVC-master/TokoBukuAppMVC-master/src/com/stmikwp/tokobuku/assets/bookmark-new-list-2.png</file>
            <file>file:/C:/Users/LENOVO/Documents/pbokuu/TokoBukuAppMVC-master/TokoBukuAppMVC-master/src/com/stmikwp/tokobuku/controller/KategoriController.java</file>
            <file>file:/C:/Users/LENOVO/Documents/pbokuu/TokoBukuAppMVC-master/TokoBukuAppMVC-master/src/com/stmikwp/tokobuku/controller/PenerbitController.java</file>
            <file>file:/C:/Users/LENOVO/Documents/pbokuu/TokoBukuAppMVC-master/TokoBukuAppMVC-master/src/com/stmikwp/tokobuku/controller/BukuController.java</file>
            <file>file:/C:/Users/LENOVO/Documents/pbokuu/TokoBukuAppMVC-master/TokoBukuAppMVC-master/src/com/stmikwp/tokobuku/view/MenuUtamaView.java</file>
            <file>file:/C:/Users/LENOVO/Documents/pbokuu/TokoBukuAppMVC-master/TokoBukuAppMVC-master/src/com/stmikwp/tokobuku/view/InputBukuView.java</file>
            <file>file:/C:/Users/LENOVO/Documents/pbokuu/TokoBukuAppMVC-master/TokoBukuAppMVC-master/src/com/stmikwp/tokobuku/main/Main.java</file>
            <file>file:/C:/Users/LENOVO/Documents/pbokuu/TokoBukuAppMVC-master/TokoBukuAppMVC-master/src/com/stmikwp/tokobuku/view/LoginView.java</file>
            <file>file:/C:/Users/LENOVO/Documents/pbokuu/TokoBukuAppMVC-master/TokoBukuAppMVC-master/src/com/stmikwp/tokobuku/database/DatabaseUtil.java</file>
            <file>file:/C:/Users/LENOVO/Documents/pbokuu/TokoBukuAppMVC-master/TokoBukuAppMVC-master/src/com/stmikwp/tokobuku/view/PelangganView.java</file>
            <file>file:/C:/Users/LENOVO/Documents/pbokuu/TokoBukuAppMVC-master/TokoBukuAppMVC-master/src/com/stmikwp/tokobuku/controller/PelangganController.java</file>
            <file>file:/C:/Users/LENOVO/Documents/pbokuu/TokoBukuAppMVC-master/TokoBukuAppMVC-master/src/com/stmikwp/tokobuku/view/PenerbitView.java</file>
        </group>
    </open-files>
</project-private>
